run_id,status,n_summary_keys_pushed,artifact_logged,error_msg,duration_s
ei6r6mpn,ok,0,True,,6.784398794174194
slv29ky7,ok,0,True,,7.274769306182861
o02e1cdj,ok,40,True,,8.04934310913086
qgdjdevw,ok,40,True,,6.098039627075195
5iq7wrj9,ok,40,True,,6.044199705123901
oryodnmg,ok,40,True,,6.031012296676636
740cl16s,ok,40,True,,5.730388402938843
8ty4wmvq,ok,40,True,,5.405667781829834
qc7lmgbv,ok,0,True,,7.14558482170105
1rr6qea0,ok,0,True,,7.544839143753052
f2844t88,ok,0,True,,7.203073740005493
dcd45m8m,ok,40,True,,7.994188070297241
gh1pbaxz,ok,40,True,,5.497493505477905
we6pznql,ok,40,True,,5.733075141906738
t4nhe0y3,ok,40,True,,6.648801565170288
ih7wa2py,ok,40,True,,5.935038089752197
vu8fg4q8,ok,40,True,,6.248911142349243
l4bgl921,ok,40,True,,5.686320781707764
a2yr3ncn,ok,40,True,,5.989771366119385
yuozzfkq,ok,40,True,,5.523430109024048
xynli7z8,ok,40,True,,5.884050130844116
66qd4eqe,ok,40,True,,6.280147314071655
ncqc9ui4,ok,40,True,,5.827139139175415
c6jm1dng,ok,40,True,,6.267777919769287
cb8rgz5e,ok,40,True,,6.045630693435669
pj4psddj,ok,40,True,,5.792284965515137
vuubr4bk,ok,40,True,,6.140955924987793
32mn2c1r,ok,40,True,,5.972855091094971
gu9dgfkz,ok,40,True,,5.846339702606201
7i43y9k3,ok,40,True,,5.704430341720581
pc3wmfod,ok,40,True,,5.656029224395752
hzbhdpl9,ok,40,True,,5.629536151885986
ice3p9gf,ok,40,True,,5.4455201625823975
7ndgm5fa,ok,40,True,,5.405889987945557
49rhw9eo,ok,40,True,,6.354728937149048
ba2mnbov,ok,40,True,,5.929374694824219
j7ibp2da,ok,40,True,,5.80457067489624
ze19pief,ok,40,True,,5.679940462112427
iq9szqo0,ok,40,True,,5.401127576828003
scqtmd96,ok,40,True,,5.783373117446899
8mqq3j02,ok,40,True,,6.103725433349609
fwfv6uix,ok,40,True,,6.145001173019409
frdlvo4m,ok,40,True,,6.121166706085205
i57y88r2,ok,40,True,,5.698547840118408
ij8smnug,ok,40,True,,5.450736999511719
zjbdik6t,ok,40,True,,5.742952346801758
dz5cjejd,ok,40,True,,5.690760135650635
r6zj96ph,ok,40,True,,5.693712472915649
6jn00bs9,ok,40,True,,5.086998701095581
ig0j10y0,ok,40,True,,5.575316667556763
b69kt7rc,ok,40,True,,5.87841010093689
hhqmbgbz,ok,40,True,,5.182570219039917
efdm228f,ok,40,True,,5.6266303062438965
pgjsvtch,ok,40,True,,5.079931974411011
x3fxikf6,ok,40,True,,5.477200984954834
3j78fmj5,ok,40,True,,5.277679204940796
zplaj2re,ok,40,True,,5.296029090881348
epj4s6du,ok,40,True,,5.532602071762085
zogqp6vh,ok,40,True,,5.107827186584473
rjkj2gfa,ok,40,True,,5.302184581756592
smjemtnx,ok,40,True,,5.158466815948486
xs26mj2b,ok,40,True,,5.162413120269775
c0a8omok,ok,40,True,,5.288275003433228
kurblurx,ok,40,True,,5.516691446304321
vj96rx3e,ok,40,True,,5.556303977966309
i4szye56,ok,40,True,,5.017055988311768
j9560ltw,ok,40,True,,6.018695592880249
y8kztdal,ok,40,True,,5.177433252334595
9dm4ke63,ok,40,True,,5.221561670303345
emu03abk,ok,40,True,,5.223547458648682
sr8zdlao,ok,40,True,,5.023136377334595
gilhn4zn,ok,40,True,,5.093727350234985
8zehxpt0,ok,40,True,,5.293938875198364
3igghbut,ok,40,True,,5.284796714782715
ktsb2r99,ok,40,True,,5.365339994430542
k2203dou,ok,40,True,,5.28634524345398
stzipjwx,ok,40,True,,5.060083866119385
n6jslgci,ok,40,True,,5.611892461776733
bz5jkj2j,ok,40,True,,5.07951545715332
wfw2si6o,ok,40,True,,5.072198390960693
u9rhysnd,ok,40,True,,5.239107608795166
5awkze0w,ok,40,True,,5.231308221817017
c7pc23nw,ok,40,True,,5.453185558319092
8np0krki,ok,40,True,,5.100395441055298
qvbf60eo,ok,40,True,,5.213056564331055
axqgle7t,ok,40,True,,5.491222858428955
ah50biyk,ok,40,True,,5.418714284896851
si2tss25,ok,40,True,,5.350906133651733
u8dkiqbc,ok,40,True,,5.641904830932617
u060uoy4,ok,40,True,,5.291873931884766
l06k4t5j,ok,40,True,,5.3484063148498535
ruamm65x,ok,40,True,,5.451419591903687
65f0wlyb,ok,40,True,,5.22724461555481
6jge4jtv,ok,40,True,,5.349577188491821
pn2te3zz,ok,40,True,,5.023273944854736
gttqj0tz,ok,40,True,,5.258691549301148
wvpdbtdj,ok,40,True,,5.111225366592407
mn7gnc5g,ok,40,True,,4.984864950180054
7u5yneus,ok,40,True,,5.077228546142578
84xa551n,ok,40,True,,4.837216138839722
4yrclio3,ok,40,True,,5.215074062347412
1m6gg7tb,ok,40,True,,5.136762857437134
lwrkd4hx,ok,40,True,,5.312026500701904
opled4vj,ok,40,True,,5.10689377784729
tp3uxy5y,ok,40,True,,5.09792685508728
fpkrz4a5,ok,40,True,,5.443448305130005
ivlf0wfm,ok,40,True,,5.223394393920898
n8d876o5,ok,40,True,,5.176850318908691
zz2nlr2w,ok,40,True,,5.494101524353027
afbw9rb9,ok,40,True,,5.387212514877319
vorwnero,ok,40,True,,5.484577178955078
id4tz5uc,ok,40,True,,5.048685789108276
m2hgbb4l,ok,40,True,,4.902977466583252
kfx41ipu,ok,40,True,,5.026222467422485
uqf1cumb,ok,40,True,,5.317901849746704
jqn1tnoe,ok,40,True,,26.50559067726136
jqew9d8h,ok,40,True,,5.197532653808594
mr0smkrh,ok,40,True,,5.377111911773682
dunrvkt0,ok,40,True,,5.112406015396118
rjj5lkkh,ok,40,True,,4.843316316604614
1ymf12b3,ok,40,True,,8.644688844680786
ilvaab8y,ok,40,True,,4.890081167221069
1udam7o8,ok,40,True,,5.4850709438323975
8ndid1kw,ok,40,True,,4.973213911056519
vluy2kyg,ok,40,True,,5.068517208099365
6yvhuwn2,ok,40,True,,5.102607011795044
aqaphsss,ok,40,True,,5.502932786941528
p4p929d5,ok,40,True,,5.4286394119262695
1y1tgabl,ok,40,True,,5.151172161102295
gknrpfiu,ok,40,True,,5.237045764923096
j0ipeuod,ok,40,True,,5.550013780593872
lin4zcn9,ok,40,True,,5.367861270904541
bfcxek3z,ok,40,True,,5.662438154220581
tvqxl0tx,ok,40,True,,4.974156141281128
f8ynxbox,ok,40,True,,5.012677907943726
4b902tvr,ok,40,True,,5.0348289012908936
k83osm4w,ok,40,True,,5.074571132659912
vsfplaev,ok,40,True,,5.220019578933716
qvg305rc,ok,40,True,,4.981736898422241
8rc4ye0g,ok,40,True,,5.178570032119751
2tyd3a76,ok,40,True,,5.12751054763794
w2uwjjsd,ok,40,True,,5.310094118118286
2h8bgmh6,ok,40,True,,5.096644401550293
wywg7t29,ok,40,True,,4.991760969161987
dtu7wtcd,ok,40,True,,5.258703470230103
up3ocvhp,ok,40,True,,5.009653091430664
l8z2r8ij,ok,40,True,,4.858347654342651
vwplzf6m,ok,40,True,,5.011610984802246
3su4hxaf,ok,40,True,,4.8220696449279785
bb97cpt0,ok,40,True,,5.087529182434082
u07wmzof,ok,40,True,,5.0132551193237305
lp6globu,ok,40,True,,5.272493124008179
l1wiaxsu,ok,40,True,,5.18855881690979
77ocr8og,ok,40,True,,5.617620468139648
i3d6mvlu,ok,40,True,,5.169967651367188
8glt2s98,ok,40,True,,5.244972467422485
s0l2cfpx,ok,40,True,,5.721783399581909
dywoqwq1,ok,40,True,,5.415590286254883
zznz68tu,ok,40,True,,5.251872777938843
axzsfs49,ok,40,True,,5.501782417297363
d04dtnzg,ok,40,True,,5.151936769485474
2tg1sxvh,ok,40,True,,5.932130098342896
bycgx5ip,ok,40,True,,5.060558557510376
ywqezviy,ok,40,True,,5.3127405643463135
1a7yxmt6,ok,40,True,,5.124144792556763
ylexv7wg,ok,40,True,,5.127089977264404
4uytcrsr,ok,40,True,,5.432470083236694
j873ch1d,ok,40,True,,5.785722494125366
1jzrd2jn,ok,40,True,,5.267568111419678
u1psrmlo,ok,40,True,,5.439953327178955
e2lwpm7a,ok,40,True,,5.13912844657898
8a9nw4k4,ok,40,True,,5.244298696517944
nervy8mk,ok,40,True,,5.38451886177063
szj42fh6,ok,40,True,,5.141312837600708
cehegeia,ok,40,True,,5.079372882843018
zes7ok8r,ok,40,True,,5.328217506408691
u9ywt3s0,ok,40,True,,5.115258932113648
4kyzsy8e,ok,40,True,,5.482328176498413
tcotpjxg,ok,40,True,,5.200970649719238
cvqiwivf,ok,40,True,,5.206738233566284
e93v3bgq,ok,40,True,,5.043723821640015
7cm4oimw,ok,40,True,,5.05265474319458
s6ivedqa,ok,40,True,,5.013557195663452
vmu8qnsr,ok,40,True,,5.228218078613281
6z53hfnk,ok,40,True,,5.191107511520386
sgfq0r0r,ok,40,True,,5.329583168029785
myqztb9n,ok,40,True,,5.260609865188599
1xj11q2b,ok,40,True,,5.656848430633545
bu3sr33b,ok,40,True,,4.852429628372192
e5uphaf1,ok,40,True,,5.279201507568359
qwu6dgdn,ok,40,True,,5.633540868759155
tbb6nm3p,ok,40,True,,4.9862377643585205
nayorpfq,ok,40,True,,5.131589651107788
n3syfgu7,ok,40,True,,5.06878399848938
ke7am3ic,ok,40,True,,5.1516172885894775
rt40f6zh,ok,40,True,,5.618220567703247
vekcrdu3,ok,40,True,,5.42743706703186
383mbfkj,ok,40,True,,5.4874427318573
k7uzhqz1,ok,40,True,,5.523693799972534
ikgmvk5q,ok,40,True,,5.554940938949585
865prk4l,ok,40,True,,5.192985773086548
mj9u5uly,ok,40,True,,5.251322984695435
e1zzf6oz,ok,40,True,,5.620386600494385
j4xpil9g,ok,40,True,,5.328701019287109
m66y4ari,ok,40,True,,5.905028581619263
vtpx2ztd,ok,40,True,,5.574804067611694
hr5101l1,ok,40,True,,6.077136754989624
ai9tsww4,ok,40,True,,5.438894033432007
cuan5lix,ok,40,True,,5.953672885894775
33ona2xc,ok,40,True,,5.119031429290772
z79fhkvt,ok,40,True,,5.231875658035278
fsin8qep,ok,40,True,,5.272648334503174
932ir4rt,ok,40,True,,5.214566469192505
e5tweien,ok,40,True,,5.331407785415649
aryzv5dt,ok,40,True,,5.46472954750061
tfhp09i8,ok,40,True,,5.140921115875244
46nixoqu,ok,40,True,,5.127187490463257
2n4e86q7,ok,40,True,,5.103991985321045
8r6jlrkn,ok,40,True,,5.229187250137329
02d5z8l5,ok,40,True,,5.1479222774505615
x7ove3dk,ok,40,True,,5.58617639541626
atv81dyq,ok,40,True,,5.438345670700073
tkvo85wb,ok,40,True,,5.297582626342773
5xvdkcmw,ok,40,True,,5.45200252532959
m1zwif14,ok,40,True,,5.025510311126709
e0wuy44z,ok,40,True,,4.892975807189941
1ogvjigi,ok,40,True,,4.967968225479126
1jtxzw4i,ok,40,True,,5.624871969223023
09v31034,ok,40,True,,5.047631740570068
a2uqxnth,ok,40,True,,5.111221075057983
c2qy7e95,ok,40,True,,5.230283737182617
26739twx,ok,40,True,,5.527013540267944
d71jjo4a,ok,40,True,,5.043360233306885
a2kswvzy,ok,40,True,,4.97761607170105
3u84tw8h,ok,40,True,,5.332796812057495
acg3nup9,ok,40,True,,5.245291471481323
j2uwq7na,ok,40,True,,5.584665060043335
woeidmlp,ok,40,True,,5.202668190002441
p18cbfj0,ok,40,True,,5.468848943710327
s3h1x3g7,ok,40,True,,5.392274856567383
qreb8cme,ok,40,True,,5.68701171875
cy5tzjbg,ok,40,True,,5.142636775970459
h0dgcghh,ok,34,True,,4.905410528182983
acg85mg4,ok,40,True,,5.24051570892334
hmt07f6o,ok,40,True,,5.5715837478637695
50q4x2ba,ok,40,True,,5.268799781799316
rit8x8rt,ok,40,True,,5.193868398666382
t1yscw9q,ok,40,True,,6.77838659286499
s8pazihl,ok,40,True,,6.064936399459839
x3zcz45y,ok,40,True,,6.000969648361206
7k4ki3xz,ok,40,True,,5.083601474761963
0szx802x,ok,40,True,,5.8084471225738525
t752jkb9,ok,40,True,,5.400960922241211
6b05y5fu,ok,40,True,,5.536748647689819
7ccbpkr6,ok,40,True,,5.383035898208618
hxvt5rox,ok,40,True,,5.262416124343872
owxnfhj5,ok,40,True,,6.198513507843018
7dmvi06f,ok,40,True,,5.221747398376465
9l7dtolw,ok,40,True,,5.364628314971924
am86u0q7,ok,40,True,,5.1115264892578125
jzrqyatx,ok,38,True,,5.1902244091033936
wsgfgqgo,ok,40,True,,5.6340696811676025
9q0x6bps,ok,38,True,,4.934686899185181
i3rtgsja,ok,40,True,,5.255539894104004
gjtqo5n9,ok,38,True,,4.950605392456055
phqilnar,ok,40,True,,5.318331241607666
pm3bny7b,ok,38,True,,5.451487064361572
ukfnjn7v,ok,40,True,,5.2430055141448975
y0gb8rt5,ok,38,True,,5.011482238769531
w9e81efj,ok,40,True,,5.565804958343506
ax9tep5c,ok,38,True,,5.466326475143433
lv1fo3ot,ok,40,True,,5.371988534927368
vvt71hop,ok,38,True,,4.909247875213623
snbm42nl,ok,40,True,,5.3996100425720215
n652pipq,ok,38,True,,5.142051935195923
her5h60j,ok,40,True,,5.507912397384644
smcaem3d,ok,40,True,,5.000209093093872
m7cmuf89,ok,40,True,,5.212002515792847
a8yywwkl,ok,40,True,,5.197345495223999
plwuctbm,ok,40,True,,5.33411431312561
3xwqjnbt,ok,40,True,,5.304548263549805
yptz5s7l,ok,40,True,,5.054924964904785
s5xtri5n,ok,40,True,,4.926926612854004
l9nf18h6,ok,40,True,,5.102085828781128
v2apl8no,ok,40,True,,5.187459707260132
8j8w17vp,ok,40,True,,5.091761827468872
rx0wiyu6,ok,40,True,,5.174340009689331
ba3mc6bk,ok,40,True,,4.988010406494141
4mnf9qzj,ok,40,True,,5.293785810470581
5o7i2ls0,ok,40,True,,5.278216600418091
d0va1sg0,ok,40,True,,6.075080394744873
otog8cdw,ok,40,True,,4.9930524826049805
ta0a7649,ok,40,True,,5.3474719524383545
ryzduntb,ok,40,True,,5.462561130523682
3orvt6db,ok,40,True,,5.445035934448242
n1whpuje,ok,40,True,,5.148393630981445
ftiljlru,ok,40,True,,4.820787191390991
unwlasj7,ok,40,True,,5.123512983322144
2k57kfda,ok,40,True,,5.399466037750244
x3xisk1b,ok,40,True,,5.019183158874512
swd5fzkx,ok,40,True,,5.035725355148315
28xv2kjy,ok,40,True,,5.092861175537109
nfp7smix,ok,40,True,,5.200100421905518
rl3636vh,ok,40,True,,5.068573951721191
g8gvaokl,ok,40,True,,5.133988618850708
bhheftql,ok,40,True,,5.123649597167969
6g6qqon9,ok,40,True,,5.948020935058594
4f76ab2k,ok,40,True,,5.534773349761963
mtbi21cl,ok,40,True,,5.41384220123291
nvxka1a3,ok,40,True,,5.262594223022461
cl47hhf6,ok,40,True,,5.081761837005615
9llzvo05,ok,40,True,,5.3699822425842285
s73p3h97,ok,40,True,,5.164451599121094
kfymhwq8,ok,40,True,,5.308567762374878
elvfsj9m,ok,40,True,,5.189757823944092
on69fqx7,ok,40,True,,4.995127201080322
u08gcpjw,ok,40,True,,5.106926441192627
lxq2m5ud,ok,40,True,,5.166079044342041
swnjutw8,ok,40,True,,5.470082998275757
inlrorhi,ok,40,True,,5.319251775741577
3q1rdgo7,ok,40,True,,5.033078908920288
abbx8pou,ok,40,True,,5.156702518463135
w4wv0emq,ok,40,True,,5.342935800552368
iree1elq,ok,40,True,,5.311923980712891
j22av0oe,ok,40,True,,5.139242172241211
31831qff,ok,40,True,,5.193200588226318
23g52yi5,ok,40,True,,5.135830879211426
3uy57sf5,ok,40,True,,5.640401363372803
x0jwyhwy,ok,40,True,,5.321439027786255
mmitswir,ok,40,True,,5.185781002044678
dn3q2gzv,ok,40,True,,5.439402341842651
suv93ztg,ok,40,True,,4.981796979904175
yf1bvzo7,ok,40,True,,5.347000360488892
ktrbti6c,ok,40,True,,5.381428003311157
otivnrjh,ok,40,True,,5.289480686187744
lv3msgg7,ok,40,True,,5.305567264556885
t1dvmoey,ok,40,True,,5.2701146602630615
yya0vf7o,ok,40,True,,5.512172698974609
4dc5ecbm,ok,40,True,,5.430176258087158
v5s4suqp,ok,40,True,,5.322851657867432
3tx6tvms,ok,40,True,,5.07837986946106
0iymkevd,ok,40,True,,5.319789886474609
hgh2302e,ok,40,True,,5.196472406387329
uh7yufnr,ok,40,True,,5.67170786857605
8p392xoc,ok,40,True,,5.296740531921387
b9th7d41,ok,40,True,,5.0582263469696045
sov5wt8e,ok,40,True,,5.308112621307373
09xp30o9,ok,40,True,,5.4721269607543945
e7hnaaq7,ok,40,True,,5.295068740844727
c2vgutim,ok,40,True,,5.223404169082642
pglx8iu4,ok,40,True,,5.14785099029541
zhkne2ej,ok,40,True,,5.002115488052368
g4mbvs0b,ok,40,True,,5.077030181884766
4sog9llh,ok,40,True,,5.356513977050781
gv59fy9y,ok,40,True,,5.191038370132446
sgj9wz4o,ok,40,True,,5.1704466342926025
wp1om1go,ok,40,True,,5.215405225753784
zqrrksvg,ok,40,True,,5.061983823776245
ofibdnox,ok,40,True,,5.137370586395264
xluvne5b,ok,40,True,,5.096269369125366
75ff0nbz,ok,40,True,,5.311617851257324
d726c4cc,ok,40,True,,5.301626205444336
j25pmsq5,ok,40,True,,5.129003286361694
2v3eh9er,ok,40,True,,5.148102760314941
estu1zna,ok,40,True,,5.412750959396362
zd1sgw9e,ok,40,True,,5.099572658538818
kvxoy6f4,ok,40,True,,5.099059104919434
kr5tv3lg,ok,40,True,,5.337651491165161
31qp43gg,ok,40,True,,5.102977991104126
j1yrysb2,ok,40,True,,5.487072467803955
jiwzenmo,ok,40,True,,5.334496021270752
sk8vpb28,ok,40,True,,5.367550373077393
krsku5q1,ok,40,True,,5.474666595458984
b3fo1e3a,ok,40,True,,5.037959098815918
pmc8ge0f,ok,40,True,,5.276999473571777
n1wsfe4p,ok,40,True,,5.3195273876190186
25nkp767,ok,40,True,,5.374050855636597
oilblhx2,ok,40,True,,5.325064182281494
1v38ovpc,ok,40,True,,5.223864793777466
e9d0is6s,ok,40,True,,5.043592214584351
xptq52wq,ok,40,True,,5.504004240036011
cmruzma6,ok,40,True,,5.136088609695435
p0lqtwih,ok,40,True,,5.701858043670654
u2x5hxt3,ok,40,True,,5.5278754234313965
oswis5zm,ok,40,True,,5.354448795318604
0xayef75,ok,40,True,,5.642176628112793
xbjftklx,ok,40,True,,5.554760932922363
93w33ida,ok,40,True,,5.521481990814209
iit0lycd,ok,40,True,,5.526408433914185
evtsakw6,ok,40,True,,5.505228996276856
bxy94goz,ok,40,True,,5.702651977539063
li89nrdv,ok,40,True,,5.11496114730835
7kwn274g,ok,40,True,,5.534861564636231
waeo4ofs,ok,40,True,,5.969027519226074
1dsktpxh,ok,40,True,,5.627645254135132
p9q6cagu,ok,40,True,,5.315941572189331
gyf39s7i,ok,40,True,,5.0669684410095215
v08ps917,ok,40,True,,5.165239334106445
j42vhr9g,ok,40,True,,5.074244737625122
1b8gs2ce,ok,40,True,,5.361838102340698
w2nbkz7r,ok,40,True,,5.435464143753052
l21yzjmh,ok,40,True,,5.230879306793213
934mu1j2,ok,40,True,,5.658419370651245
pv6g2dda,ok,40,True,,5.107238292694092
s4xp2o9z,ok,40,True,,5.1600306034088135
gfesuywj,ok,40,True,,5.205526828765869
2p3tsnxf,ok,40,True,,5.5197913646698
fw2bz9j0,ok,40,True,,5.058830261230469
ctdljyxl,ok,40,True,,5.164204120635986
s6cmio1n,ok,40,True,,5.228903532028198
8l0l4q9k,ok,40,True,,5.884415626525879
ssefveix,ok,40,True,,5.537613868713379
qfgsi1be,ok,40,True,,5.147015333175659
brhk5t8v,ok,40,True,,5.0800395011901855
4whd01a9,ok,40,True,,6.19041895866394
vzyjezkq,ok,40,True,,5.082201242446899
sz58dzba,ok,40,True,,5.441428899765015
bpjkug0m,ok,40,True,,5.0612733364105225
u71loye4,ok,40,True,,5.285323619842529
0gajlo3z,ok,40,True,,5.608807325363159
kyc5fjcb,ok,40,True,,5.34679388999939
tlwzpf99,ok,40,True,,5.35807204246521
uwuc0wdl,ok,40,True,,5.418592214584351
7obmx3z1,ok,40,True,,5.14251971244812
lwvwweps,ok,40,True,,5.330519437789917
f6junodm,ok,40,True,,5.356319427490234
1xnxitc8,ok,40,True,,5.824952602386475
q5jdhanr,ok,40,True,,5.244511604309082
axz30ffd,ok,40,True,,5.4132280349731445
xeqlaxyw,ok,40,True,,5.342159986495972
mojq5slm,ok,40,True,,5.6063971519470215
cdkvfyvi,ok,40,True,,5.499657392501831
if9vadux,ok,40,True,,5.214658260345459
lb2ybkco,ok,40,True,,5.064379930496216
3bu47x88,ok,40,True,,5.160268783569336
tr2e4j68,ok,40,True,,5.645833253860474
2dgtyv3t,ok,40,True,,5.34574556350708
eqi2c2ch,ok,40,True,,5.297981023788452
owpirqjz,ok,40,True,,5.331279993057251
0awn9jbw,ok,40,True,,5.221593618392944
7natfzil,ok,40,True,,5.0697410106658936
dxiykgpr,ok,40,True,,5.279195547103882
imrzvflz,ok,40,True,,5.262490272521973
ghflvqsb,ok,40,True,,5.446909189224243
ck0os7il,ok,40,True,,5.451566934585571
5xd03piq,ok,40,True,,5.532533645629883
69c3kcj1,ok,40,True,,5.4654083251953125
19t060bd,ok,40,True,,5.502878427505493
70qcu777,ok,40,True,,5.117040634155273
h5ss2koi,ok,40,True,,5.27005934715271
h3kbeww8,ok,40,True,,5.292161464691162
fxuoxz9g,ok,40,True,,5.146730661392212
fv27af29,ok,40,True,,5.074410915374756
mc0uxynw,ok,40,True,,5.117239713668823
bq155uru,ok,40,True,,5.115859746932983
fb8x7zym,ok,40,True,,5.545070648193359
7g9y1j2w,ok,40,True,,5.247548341751099
baunc7sg,ok,40,True,,5.280020236968994
gcgs97uj,ok,40,True,,5.06937313079834
1fhtcqqw,ok,40,True,,5.189518451690674
8zcfo4jf,ok,40,True,,5.705904245376587
v6eoa07x,ok,40,True,,5.343447208404541
dfq5n736,ok,40,True,,5.182084560394287
n7s94fdp,ok,40,True,,5.149029493331909
5jlwuj44,ok,32,True,,5.537770986557007
25v7t6pl,ok,32,True,,5.332168340682983
76hrpsxt,ok,31,True,,5.735899925231934
4ltwhtgf,ok,31,True,,5.39096474647522
1l4so8ti,ok,32,True,,5.015447854995728
4aajgoko,ok,30,True,,5.292147636413574
r4brps9e,ok,32,True,,5.605157852172852
remv265c,ok,32,True,,5.579970836639404
8298kqy4,ok,32,True,,5.1698150634765625
y54id5ye,ok,30,True,,5.232572317123413
xn4xgp36,ok,31,True,,4.936640501022339
ew9w4ik8,ok,32,True,,5.012067556381226
o7zx0hu3,ok,32,True,,4.81505012512207
3f01c3ov,ok,30,True,,5.099409818649292
we2f9uos,ok,32,True,,5.054829120635986
otc962h6,ok,32,True,,5.191124200820923
7je68ju6,ok,32,True,,4.874671936035156
bo6gfhxm,ok,32,True,,5.456429719924927
zle1oolb,ok,32,True,,5.135180950164795
t5r4o4ei,ok,32,True,,6.431658506393433
kb0newg8,ok,32,True,,6.111152648925781
bggyhufn,ok,32,True,,5.178136825561523
kh6eglpp,ok,32,True,,5.714937448501587
8e5vcou4,ok,32,True,,5.183438301086426
e9gs4fiz,ok,32,True,,5.236240863800049
z15oudhw,ok,32,True,,5.645177364349365
il83tsl6,ok,32,True,,5.400221824645996
qer5pkof,ok,32,True,,5.293616533279419
fxtpvq7i,ok,32,True,,5.18615198135376
ca37ipuj,ok,32,True,,5.47698450088501
qh9wgh9g,ok,32,True,,5.118134021759033
4xcf077q,ok,31,True,,5.683401107788086
27tjdpt3,ok,40,True,,5.618566989898682
vd23ed8l,ok,31,True,,5.366989612579346
1r2yzpdd,ok,32,True,,5.448966503143311
xqih43h6,ok,30,True,,5.256856441497803
rg6ua0e8,ok,32,True,,5.150401830673218
f7qfa7f8,ok,32,True,,5.2597291469573975
fwmaw4sf,ok,32,True,,5.18804407119751
v26vovm5,ok,40,True,,5.393132448196411
jc3xtyut,ok,30,True,,5.110455274581909
pfn3f1dp,ok,31,True,,4.897102117538452
8p3afx0g,ok,32,True,,5.048382520675659
15ek1n68,ok,32,True,,5.232702016830444
3g8abvyg,ok,30,True,,5.228410482406616
woacpjyd,ok,40,True,,5.646212816238403
vqmynzu1,ok,32,True,,5.220837831497192
anp4iqr1,ok,32,True,,5.844412565231323
22btu6dg,ok,40,True,,5.575996398925781
lpoag1jt,ok,40,True,,5.45914888381958
ycmof5ri,ok,40,True,,5.66664981842041
uc4c5eao,ok,40,True,,5.3007588386535645
5m1y5yot,ok,40,True,,5.53119158744812
yw8q9l72,ok,40,True,,5.438194274902344
ho3qv43w,ok,40,True,,5.076293468475342
6pq5ouhj,ok,40,True,,5.038090467453003
ex8hrrx3,ok,40,True,,5.180042028427124
4wmd8c9t,ok,40,True,,5.384652376174927
4acl66zh,ok,40,True,,5.308027267456055
haqja33t,ok,40,True,,6.245737314224243
58mal3fv,ok,40,True,,5.2086265087127686
pbi9n79q,ok,38,True,,5.051649570465088
d4p70zkw,ok,40,True,,5.146270513534546
c6pod34z,ok,40,True,,5.130436658859253
ci4xwof9,ok,40,True,,5.2696802616119385
4tg3jlmv,ok,40,True,,5.376059532165527
5mzun2uj,ok,40,True,,5.288876056671143
wx1h2u8i,ok,40,True,,5.350374937057495
22xbh0e0,ok,40,True,,5.39314603805542
c4yf9m4e,ok,40,True,,6.661327362060547
c318cdrj,ok,40,True,,5.344937086105347
gwaz9r4f,ok,40,True,,5.080396413803101
xmvq7qkf,ok,40,True,,5.310608863830566
ldq0osa5,ok,40,True,,5.57246208190918
iffhnodj,ok,40,True,,5.26978325843811
n1q8yevz,ok,40,True,,5.1831583976745605
uccv38aa,ok,38,True,,5.158696889877319
2920s89b,ok,40,True,,5.434002876281738
pc11c6oj,ok,40,True,,5.438956260681152
bvkba307,ok,40,True,,5.198568820953369
pokvq7uh,ok,32,True,,5.453695058822632
a1a8cnfv,ok,32,True,,5.332621574401856
45gckigq,ok,32,True,,5.121596097946167
wddzbx9z,ok,40,True,,5.055525779724121
zsxeoe8r,ok,40,True,,5.4883363246917725
qu0gmo23,ok,40,True,,4.972209453582764
zjsrfj16,ok,40,True,,5.444273471832275
36ctb6ml,ok,40,True,,6.691216945648193
ifv2a9b8,ok,40,True,,5.247917652130127
eu1k3zf8,ok,40,True,,5.38565993309021
yuzn1e81,ok,40,True,,5.30426836013794
2ljmk6ad,ok,40,True,,5.795056581497192
nodde9wg,ok,40,True,,5.009974479675293
78td0mqd,ok,40,True,,5.2231879234313965
az1tv3av,ok,40,True,,5.57965874671936
w5qiy9no,ok,40,True,,5.150553464889526
6nhzoz15,ok,40,True,,5.254958152770996
jdtbjne3,ok,40,True,,5.26295280456543
q69l4qa7,ok,40,True,,4.827344179153442
69m6pr9c,ok,40,True,,5.474960088729858
rr29c98v,ok,40,True,,5.461065292358398
spsa9q78,ok,40,True,,5.632323741912842
sahdn63i,ok,40,True,,5.227146148681641
r8rht20m,ok,40,True,,4.812645435333252
x1snfnwa,ok,40,True,,5.36800742149353
dtln62il,ok,40,True,,5.130317211151123
0rtpfpgf,ok,32,True,,5.240499973297119
ysqc21xl,ok,40,True,,5.364732503890991
i1y6yalk,ok,40,True,,6.101973295211792
gtibajfg,ok,32,True,,5.913184881210327
z0b4v7gv,ok,32,True,,5.969802141189575
als6g4iv,ok,40,True,,5.185017108917236
fcj808dx,ok,40,True,,5.2425384521484375
40lwq1zk,ok,40,True,,5.241577625274658
bkjx6vev,ok,40,True,,5.410414695739746
8541udac,ok,40,True,,5.511568784713745
794lxzw2,ok,40,True,,6.049911260604858
5kx0b88c,ok,40,True,,5.404185771942139
f9vb4ko4,ok,40,True,,5.494181156158447
gn7fk5fn,ok,40,True,,5.30762243270874
udo6mjmz,ok,40,True,,5.74535083770752
l9fdue94,ok,40,True,,5.067530393600464
u53qcbeh,ok,32,True,,4.979772567749023
kps9pmp0,ok,32,True,,5.317830562591553
2bvgkdqv,ok,32,True,,5.161949157714844
lmckrfzb,ok,40,True,,5.193354606628418
ywg6sj6c,ok,40,True,,5.294872760772705
r301b0g2,ok,40,True,,5.485290288925171
1d15mxnc,ok,40,True,,5.634349346160889
ajm1qzlq,ok,40,True,,5.373356580734253
b8d9xlim,ok,40,True,,5.664152145385742
j67zkrr8,ok,40,True,,4.987405061721802
yi3385f5,ok,40,True,,5.01709771156311
z87tz3za,ok,40,True,,5.187819957733154
9jgkm8ap,ok,40,True,,5.42817497253418
jb4y3q2f,ok,40,True,,5.351095914840698
35d4as0a,ok,40,True,,5.113349676132202
e1usau4u,ok,40,True,,5.311740159988403
hy06xy5k,ok,40,True,,5.210872173309326
j3hdi0tw,ok,40,True,,5.61346173286438
vywxkzjz,ok,40,True,,5.703247547149658
iilcbzaq,ok,40,True,,5.692221641540527
tcijaezm,ok,40,True,,5.479558229446411
cbenk69d,ok,40,True,,5.284237146377564
qv10t3x5,ok,40,True,,5.272322654724121
1dfcaox2,ok,40,True,,5.148303270339966
js7o57jk,ok,40,True,,5.501768350601196
uhxphls0,ok,40,True,,4.979283094406128
1uzto7ke,ok,40,True,,5.326908111572266
r0e06ce7,ok,40,True,,5.33678674697876
hsckb9dd,ok,40,True,,5.277567148208618
17ghy94y,ok,40,True,,5.262709140777588
bzh4s50d,ok,40,True,,5.426115274429321
jndcfz2f,ok,40,True,,5.220072269439697
gg278whw,ok,40,True,,5.310174703598023
edyyzmlp,ok,40,True,,5.445099592208862
isuwx1ez,ok,40,True,,5.588581800460815
azphs5nc,ok,40,True,,5.277813673019409
nfpximxs,ok,40,True,,5.73771595954895
sydn2vmi,ok,40,True,,5.373185634613037
8f9y45mq,ok,40,True,,5.5711305141448975
z8wxeqc8,ok,40,True,,5.817301988601685
kuuyo6mj,ok,40,True,,5.13255763053894
3erwh30s,ok,40,True,,5.105543613433838
ywwasqjw,ok,38,True,,5.05975866317749
8atjx5jg,ok,40,True,,5.360335826873779
3ns9xey8,ok,38,True,,5.2129881381988525
bkak464g,ok,40,True,,5.45126223564148
ivgeo8k8,ok,38,True,,5.487622261047363
6sbxilp2,ok,40,True,,5.615342855453491
jfhmmtpb,ok,40,True,,5.111307859420776
e99rorfr,ok,40,True,,5.694467782974243
5atoeyyh,ok,40,True,,5.1982152462005615
acq9hr8v,ok,40,True,,5.663271188735962
l58lu16o,ok,40,True,,5.032900810241699
anun8bv4,ok,40,True,,5.12350606918335
ek4enweo,ok,40,True,,5.325157165527344
k1lqxr74,ok,40,True,,5.90069055557251
duewninl,ok,40,True,,5.551695585250855
7qr0fj7j,ok,40,True,,5.052815198898315
ny2fijcl,ok,40,True,,5.106025695800781
pdcv7dq0,ok,40,True,,5.181405782699585
p1ts90xi,ok,40,True,,5.113040208816528
vy8fmhym,ok,40,True,,5.663655757904053
80kjdxph,ok,40,True,,5.211237192153931
n4bfrpzr,ok,40,True,,5.08853816986084
03a6gwhg,ok,40,True,,5.257225751876831
rv7n4rly,ok,40,True,,5.473642349243164
drorti7s,ok,40,True,,5.423585414886475
snnzithq,ok,40,True,,5.650657653808594
yvzrnnwl,ok,40,True,,5.701061010360718
8tasx7av,ok,40,True,,5.525318622589111
owtplt9g,ok,40,True,,5.580979824066162
tcem6soc,ok,40,True,,5.314898252487183
2evraoj4,ok,40,True,,5.590491771697998
uuu9uqof,ok,40,True,,5.174084663391113
hatd54ie,ok,40,True,,5.393892526626587
mzspejru,ok,40,True,,5.296183347702026
mt6tr2vq,ok,40,True,,5.27276349067688
viiwp00v,ok,40,True,,5.778372526168823
7xnn5ncd,ok,40,True,,5.278753042221069
8e2vku5o,ok,40,True,,5.320383787155151
tp0y566m,ok,40,True,,5.255925416946411
1hkh37rp,ok,40,True,,5.423660755157471
tlps6o1v,ok,40,True,,6.328554153442383
1v36b23l,ok,40,True,,5.326203346252441
xdpn11bu,ok,40,True,,5.235271215438843
dj72iujp,ok,40,True,,5.364370584487915
oa43y68k,ok,40,True,,5.5289154052734375
t3r9dutw,ok,40,True,,5.373639583587647
j7mta2ci,ok,40,True,,5.314063310623169
ug017ozq,ok,40,True,,5.713497638702393
h07y201w,ok,40,True,,5.715535640716553
91cilc9a,ok,40,True,,5.161489248275757
ztmw9nag,ok,40,True,,5.093630790710449
pjkusszv,ok,40,True,,5.567595958709717
03usx23x,ok,40,True,,5.628717660903931
1umke8p0,ok,40,True,,5.920750379562378
1guwitqf,ok,40,True,,5.470015525817871
mtceg9xj,ok,40,True,,5.224061489105225
eyuf1vfp,ok,40,True,,5.266607284545898
86nnsser,ok,40,True,,5.281928777694702
hy4i2qxi,ok,40,True,,5.267310380935669
5z0m310o,ok,40,True,,5.757128953933716
a9vu3xry,ok,40,True,,5.45960807800293
i9917648,ok,40,True,,5.400891780853272
z0ufq4ns,ok,40,True,,5.45063066482544
efy82os7,ok,40,True,,5.562478303909302
aivj2o4o,ok,40,True,,5.29787802696228
rr4xstyx,ok,40,True,,5.442057371139526
wen9pg4m,ok,40,True,,5.290836572647095
fl0c638i,ok,40,True,,5.230455160140991
i18p0k90,ok,40,True,,5.0871336460113525
ktdyao75,ok,40,True,,5.473180294036865
682iil3y,ok,40,True,,5.569664001464844
vsh4ftk1,ok,40,True,,5.547164440155029
0dh60gr6,ok,40,True,,5.361877679824829
ns12iw81,ok,40,True,,5.639012813568115
xb8v2x2s,ok,40,True,,5.073940992355347
jfnhmtzl,ok,40,True,,5.293415546417236
pr10kk5y,ok,40,True,,5.531596899032593
mhzy0596,ok,40,True,,5.337849855422974
wvwc8bcl,ok,40,True,,5.187048673629761
eqb600nm,ok,40,True,,5.16339373588562
ce8xe75x,ok,40,True,,5.438429117202759
7lkiw11s,ok,40,True,,5.359959363937378
q2m7qzo5,ok,40,True,,5.334888458251953
67tga5oc,ok,40,True,,5.219970941543579
rik82ipe,ok,40,True,,5.029351472854614
1c7mqg4h,ok,40,True,,5.153138160705566
6kqnr7as,ok,40,True,,5.739933013916016
k07or9o1,ok,40,True,,5.258833169937134
biqkb8r2,ok,40,True,,5.165312051773071
18fzutz1,ok,40,True,,5.128119468688965
sk6iwoah,ok,40,True,,5.372965335845947
njpkkccj,ok,40,True,,6.09700345993042
smdm48bg,ok,40,True,,5.128178119659424
4k1mws75,ok,40,True,,5.122354745864868
y3hngj2r,ok,40,True,,5.3578948974609375
hdr0vxs6,ok,40,True,,5.426668882369995
4ryp41v5,ok,40,True,,5.094028949737549
0e6bq0ae,ok,40,True,,5.201591730117798
eysfcvga,ok,40,True,,5.127041339874268
qll6xlmp,ok,34,True,,5.282820463180542
coo5u5py,ok,34,True,,6.3480000495910645
c922a2im,ok,34,True,,5.377492666244507
21fra2gr,ok,34,True,,5.363343954086304
j7mp38xf,ok,34,True,,5.251084804534912
3y29d7wz,ok,34,True,,5.037252902984619
2w0whfte,ok,34,True,,5.330524682998657
ldplw5cl,ok,34,True,,5.606602668762207
0z2sv5eo,ok,34,True,,5.383524417877197
2t77dx4k,ok,34,True,,5.640044927597046
j6qdo0im,ok,34,True,,5.603747844696045
i1ps8ck4,ok,34,True,,6.467092752456665
zqum444o,ok,34,True,,5.900557041168213
tubp7npp,ok,34,True,,5.197570562362671
nk763ktm,ok,34,True,,5.106721639633179
rcdsh9kg,ok,34,True,,5.220348119735718
qi9t8i6y,ok,34,True,,5.056726694107056
81tes68k,ok,34,True,,5.115947008132935
vjuuscyd,ok,34,True,,5.339990615844727
7bhkpyw6,ok,34,True,,5.197710752487183
46tb3qu6,ok,34,True,,5.260432720184326
9wv157wn,ok,34,True,,5.537798404693604
abkslfvu,ok,34,True,,5.331614017486572
lkl7qn2d,ok,34,True,,5.318536281585693
yle96caj,ok,34,True,,5.442878484725952
y1vmlw0y,ok,34,True,,5.359546899795532
9o30wq7h,ok,34,True,,5.218718767166138
cy7z20vv,ok,34,True,,5.351371049880981
lk5xlbhu,ok,34,True,,5.185858726501465
qjmow6q1,ok,34,True,,5.312973260879517
wbisg7yc,ok,34,True,,5.762327432632446
milcv4pl,ok,34,True,,5.049032926559448
pmtoj5bh,ok,34,True,,5.600419044494629
18d5zx32,ok,34,True,,5.153462171554565
lqv0cljs,ok,34,True,,6.257777452468872
1s3elv08,ok,34,True,,5.794177055358887
mgadjrof,ok,34,True,,5.421862602233887
klb6f3kf,ok,34,True,,5.535496711730957
wen82r7b,ok,34,True,,5.202225208282471
0gwi5u9a,ok,34,True,,5.738226652145386
ottds655,ok,34,True,,5.490601539611816
7g366rq3,ok,34,True,,5.614599943161011
o75sr549,ok,34,True,,5.936613321304321
71ea0126,ok,34,True,,5.20356011390686
fa6ipqlv,ok,34,True,,5.663514852523804
8eb7l25q,ok,34,True,,5.067526578903198
n02wbbpu,ok,34,True,,864.3284401893616
oikodvm7,ok,34,True,,5.664999961853027
l4071bsh,ok,34,True,,5.8087077140808105
3t6h19ep,ok,34,True,,6.118113994598389
6w3kpcsk,ok,34,True,,5.862025260925293
4c664ekv,ok,34,True,,5.622704744338989
wn7wrjh7,ok,34,True,,5.83741307258606
ky026izl,ok,34,True,,6.02813720703125
dkgfv6uo,ok,34,True,,6.046681642532349
t5l2facr,ok,34,True,,5.080732583999634
e8sp8hfg,ok,34,True,,5.051448106765747
pmtcgc8f,ok,34,True,,5.54547381401062
kvnywdit,ok,34,True,,5.6658899784088135
brqjv2lp,ok,34,True,,5.482962846755981
59u1shtp,ok,34,True,,5.7324769496917725
383p6mkz,ok,34,True,,6.114578008651733
ektev2j1,ok,34,True,,5.636175155639648
5r6laa29,ok,34,True,,5.201199293136597
q0mzk71o,ok,34,True,,6.229138135910034
lrz70ja3,ok,34,True,,5.846462965011597
24snpodu,ok,34,True,,5.478901147842407
reo8kk2j,ok,34,True,,5.54411768913269
ehbd3lm1,ok,34,True,,5.7482757568359375
ebh9440c,ok,34,True,,5.623194456100464
e7d367pc,ok,34,True,,5.429924726486206
ewvwzkm5,ok,34,True,,5.712478399276733
ka3kuzfa,ok,34,True,,5.46255087852478
170jvs1n,ok,34,True,,5.796002626419067
4bt3tshs,ok,34,True,,5.610747575759888
5j09umzv,ok,34,True,,5.630843877792358
oa5a4jg2,ok,34,True,,5.73759651184082
7klz95cu,ok,34,True,,5.9148805141448975
ntgl5iuj,ok,34,True,,6.290444612503052
ypuq4dyv,ok,34,True,,5.803693056106567
qxyfgsk5,ok,34,True,,5.699483633041382
yyf05nf9,ok,34,True,,6.147576332092285
mfjy3zuh,ok,34,True,,5.912668704986572
m29v3be4,ok,34,True,,5.605228662490845
mf43i9w7,ok,34,True,,5.34395694732666
taaeq5fj,ok,34,True,,5.560117959976196
wvqj1fv8,ok,34,True,,5.261914491653442
322amv3m,ok,34,True,,5.018156290054321
pe4v4r2n,ok,34,True,,5.841632604598999
odsc34l4,ok,34,True,,5.602155685424805
vnnjgnc2,ok,34,True,,5.8053975105285645
o333y8dm,ok,34,True,,5.404146671295166
i6sdwu41,ok,34,True,,5.544880390167236
7e1v2z29,ok,34,True,,5.39352011680603
wttsidmf,ok,34,True,,5.329719543457031
v8h5vsq4,ok,34,True,,5.687485456466675
615x9uvu,ok,34,True,,5.544335126876831
ur1l61hc,ok,34,True,,5.71913743019104
qa6a5sn3,ok,34,True,,5.357888221740723
ylw2ouu3,ok,34,True,,5.824791193008423
duip63pz,ok,34,True,,7.073502540588379
vgtvu4ws,ok,34,True,,5.530975818634033
4ic4h30k,ok,34,True,,5.530141830444336
jemeb4uu,ok,34,True,,5.378932476043701
9fmisjfc,ok,34,True,,5.557399988174439
by4g49ms,ok,34,True,,5.406533718109131
lqz243l9,ok,34,True,,5.958107709884644
mr7i73pj,ok,34,True,,5.73444390296936
njvkucup,ok,34,True,,5.452575206756592
bl3myunp,ok,34,True,,5.919694662094116
v3qrdd2o,ok,34,True,,5.629570484161377
qr9b871m,ok,34,True,,6.145601987838745
x7kypcii,ok,34,True,,5.326338052749634
zuojwv42,ok,34,True,,5.839478969573975
b8ect42n,ok,34,True,,5.357215881347656
bsgrqows,ok,34,True,,5.7823522090911865
qj9d5x6n,ok,34,True,,5.696487665176392
tt2tsk6e,ok,34,True,,6.1605541706085205
5xbgh4xz,ok,34,True,,5.518499374389648
5kcclwax,ok,34,True,,5.301948308944702
6pjo22t0,ok,34,True,,6.894071578979492
67kf8668,ok,34,True,,5.1670427322387695
nnn1htve,ok,34,True,,5.728710889816284
2pvukd1f,ok,34,True,,6.333237648010254
jvsa9x6x,ok,34,True,,5.726091384887695
8t95i4zb,ok,34,True,,5.930001258850098
4ktgbv28,ok,34,True,,5.237292766571045
ybu9pnoh,ok,34,True,,5.40253210067749
9yx5hppn,ok,34,True,,5.555099010467529
t9om7mf1,ok,34,True,,5.451188325881958
upewvjr8,ok,34,True,,5.338994026184082
9ydhj6jv,ok,34,True,,7.262918472290039
dojxt2sw,ok,34,True,,5.53803277015686
3mo5f2iu,ok,34,True,,5.437333822250366
laozpgwq,ok,34,True,,5.818871021270752
i43934i8,ok,34,True,,5.728165626525879
ks5qxwte,ok,34,True,,5.486087083816528
utu8yof4,ok,34,True,,6.321337938308716
6r1mnafx,ok,34,True,,5.797437429428101
qtthpuhd,ok,34,True,,6.289876937866211
d8nznwtf,ok,34,True,,5.4448065757751465
6g4pajj3,ok,34,True,,5.885045289993286
34ozhbp5,ok,34,True,,5.6972432136535645
6qjkusf7,ok,34,True,,5.413647413253784
f5enja19,ok,34,True,,5.115179061889648
12se3kkm,ok,40,True,,5.424060821533203
c9n3pbjc,ok,40,True,,5.513612270355225
xej0g8jp,ok,34,True,,5.75030255317688
u0xqd78w,ok,34,True,,5.501984119415283
c0hry43p,ok,40,True,,5.361640214920044
k5xx0j5d,ok,34,True,,5.420538663864136
zxsl16sq,ok,40,True,,5.418959617614746
jv9stmd8,ok,34,True,,5.8194499015808105
qyhegxei,ok,40,True,,6.108766317367554
538w5yra,ok,34,True,,5.986002683639526
xchvruow,ok,40,True,,5.628100156784058
whf0lgme,ok,40,True,,5.757529020309448
73c71lwr,ok,34,True,,5.275668144226074
vnrlr94u,ok,34,True,,5.873412609100342
ge9ctmbi,ok,40,True,,5.661848306655884
pa1wkif7,ok,40,True,,5.4790198802948
a7f8wgza,ok,34,True,,5.710981845855713
bm01e4yo,ok,34,True,,5.059028625488281
zmaiczyw,ok,34,True,,5.488768815994263
tv05p6l1,ok,40,True,,5.526209592819214
0g698er2,ok,34,True,,5.458669424057007
ub6jo4vj,ok,40,True,,5.717960834503174
w49d9osp,ok,40,True,,5.201982498168945
oiowll99,ok,34,True,,5.198584318161011
8elfbvz9,ok,40,True,,6.003371238708496
ypcubtv9,ok,34,True,,5.797420024871826
995qwg7z,ok,34,True,,5.391784191131592
uys8izm6,ok,40,True,,5.60558557510376
u30li7ne,ok,34,True,,5.662210941314697
3i9ng1r8,ok,40,True,,5.97490668296814
pro2bxv9,ok,40,True,,5.630447149276733
lmm7kezp,ok,34,True,,5.445372581481934
gbohgz7h,ok,40,True,,5.510268449783325
gbrz0jrb,ok,34,True,,5.863836050033569
e8vvueyi,ok,34,True,,5.656666994094849
d3nz7hb6,ok,34,True,,5.656683206558228
iu5p821i,ok,40,True,,5.357039928436279
0y8xhj90,ok,40,True,,5.580192565917969
t22ngh4n,ok,40,True,,5.348194360733032
uzsooydf,ok,34,True,,5.438253879547119
vyjljoah,ok,40,True,,5.617541790008545
keeyurjp,ok,40,True,,5.460171699523926
zy4tegm4,ok,40,True,,5.583073854446411
g26n831u,ok,40,True,,6.381325006484985
gr9hd2wg,ok,40,True,,5.609148979187012
ie70hed8,ok,40,True,,5.473635911941528
wbik15ep,ok,40,True,,6.017467498779297
q1h8dbn4,ok,40,True,,5.59151816368103
uq4433wi,ok,40,True,,5.457828760147095
7acjpz4j,ok,40,True,,5.613177061080933
7rg61yso,ok,34,True,,5.665608644485474
9r66z9fa,ok,32,True,,5.467638731002808
vb3o8bh1,ok,40,True,,5.502961874008179
13ncbb4n,ok,0,True,,7.888835191726685
ioaj365c,ok,0,True,,6.810452938079834
8r5oi9li,ok,0,True,,6.412093877792358
ob11np9v,ok,0,True,,6.851438045501709
dq8ee3uw,ok,0,True,,6.491775751113892
ehn9prv9,ok,0,True,,6.613438367843628
